sector,Q1,Q2,Q3,Q4
Industrials,0.38,0.19,0.16,0.27
Financials,0.47,0.04,0.03,0.46
IT,0.2727272727272727,0.23232323232323232,0.25252525252525254,0.24242424242424243
CD,0.23,0.13,0.29,0.35
Energy,0.18,0.16,0.54,0.12
